<?xml version="1.0"?>
<doc>
    <assembly>
        <name>TSP100IO</name>
    </assembly>
    <members>
        <member name="T:StarMicronics.TSP100IO.NativeAPI">
            <summary>
            Summary description for NativeAPI.
            </summary>
        </member>
        <member name="T:StarMicronics.TSP100IO.IFactory">
            <summary>
            Factory interface providing IPort creation and destruction services.
            </summary>
        </member>
        <member name="M:StarMicronics.TSP100IO.IFactory.GetPort(System.String)">
            <summary>
            This method opens a connection to the specified port.
            </summary>
            <param name="portName">The name of the port to open.  The port name parameter is your printer's Windows printer queue name. (e.g. "Star TSP100 Cutter (TSP143)" )</param>
            <returns>The manually reference-counted IPort object.</returns>
            <exception cref="T:StarMicronics.TSP100IO.PortException">thrown if the port cannot be opened (retry if the exception's 'IsPortInUseFailure' property is true)</exception>
        </member>
        <member name="M:StarMicronics.TSP100IO.IFactory.ReleasePort(StarMicronics.TSP100IO.IPort)">
            <summary>
            This method closes a previously opened port connection.
            </summary>
            <param name="port">A previously obtained port object.</param>
            <exception cref="T:StarMicronics.TSP100IO.PortException">thrown if the port cannot be closed</exception>
        </member>
        <member name="T:StarMicronics.TSP100IO.Factory">
            <summary>
            Implimenation of the IFactory interface - accessible only through the static 'I' member.
            </summary>
        </member>
        <member name="P:StarMicronics.TSP100IO.Factory.I">
            <summary>
            Use this to obtain the factory object (or replace this with a mock object to run your testing).
            </summary>
        </member>
        <member name="T:StarMicronics.TSP100IO.IPort">
            <summary>
            This interface supports communicating with TSP100 series printers.
            </summary>
        </member>
        <member name="M:StarMicronics.TSP100IO.IPort.GetParsedStatus">
            <summary>
            This function retreives the device's detailed status.
            </summary>
            <returns>StarPrinterStatus structure where the devices detailed status is written</returns>
            <exception cref="T:StarMicronics.TSP100IO.PortException">thrown when a communications failure occurs</exception>
        </member>
        <member name="P:StarMicronics.TSP100IO.IPort.PortName">
            <summary>
            The originally specified port name.
            </summary>
        </member>
        <member name="T:StarMicronics.TSP100IO.PortException">
            <summary>
            Indicates that a communications failure has occurred.
            </summary>
        </member>
        <member name="M:StarMicronics.TSP100IO.PortException.#ctor(System.String)">
            <summary>
            Standard exception constructor.
            </summary>
            <param name="message">Description of the failure</param>
        </member>
        <member name="M:StarMicronics.TSP100IO.PortException.#ctor(System.Boolean,System.String)">
            <summary>
            Extended information constructor providing for the isPortInUseFailure condition.
            </summary>
            <param name="_isPortInUseFailure">Indicates that the communications failure occurred because the port is being used by another process.</param>
            <param name="message">Description of the failure</param>
        </member>
        <member name="P:StarMicronics.TSP100IO.PortException.IsPortInUseFailure">
            <summary>
            If this is true the the communications error occurred because the port
            is being used by another process; you should sleep for a little bit then
            retry.
            </summary>
        </member>
        <member name="T:StarMicronics.TSP100IO.StarPrinterStatus">
            <summary>
            Summary description for StarPrinterStatus.
            </summary>
        </member>
        <member name="M:StarMicronics.TSP100IO.StarPrinterStatus.#ctor">
            <summary>
            Initializes the status structure
            </summary>
        </member>
        <member name="P:StarMicronics.TSP100IO.StarPrinterStatus.CoverOpen">
            <summary>
            True indicates that the printer's cover is open
            </summary>
        </member>
        <member name="P:StarMicronics.TSP100IO.StarPrinterStatus.Offline">
            <summary>
            True indicates that the printer is offline
            </summary>
        </member>
        <member name="P:StarMicronics.TSP100IO.StarPrinterStatus.CompulsionSwitch">
            <summary>
            True indicates that the compulsion switch is outputting its signal (device dependent)
            </summary>
        </member>
        <member name="P:StarMicronics.TSP100IO.StarPrinterStatus.OverTemp">
            <summary>
            True indicates that the printer is offline because it has over heated
            </summary>
        </member>
        <member name="P:StarMicronics.TSP100IO.StarPrinterStatus.UnrecoverableError">
            <summary>
            True indicates a very serious really horrible death
            </summary>
        </member>
        <member name="P:StarMicronics.TSP100IO.StarPrinterStatus.CutterError">
            <summary>
            True indicates that the cutter is jammed or otherwise in error
            </summary>
        </member>
        <member name="P:StarMicronics.TSP100IO.StarPrinterStatus.MechanicalError">
            <summary>
            True indicates that the mechanism has errored
            </summary>
        </member>
        <member name="P:StarMicronics.TSP100IO.StarPrinterStatus.PageModeCommandError">
            <summary>
            True indicates that the page mode data contained an error
            </summary>
        </member>
        <member name="P:StarMicronics.TSP100IO.StarPrinterStatus.PaperSizeError">
            <summary>
            True indicates that the black mark search function has errored
            </summary>
        </member>
        <member name="P:StarMicronics.TSP100IO.StarPrinterStatus.PresenterPaperJamError">
            <summary>
            True indicates that the presenter unit has a paper jam
            </summary>
        </member>
        <member name="P:StarMicronics.TSP100IO.StarPrinterStatus.HeadUpError">
            <summary>
            True indicates that the printer's head is in the up position
            </summary>
        </member>
        <member name="P:StarMicronics.TSP100IO.StarPrinterStatus.BlackMarkDetectError">
            <summary>
            True indicates that a black mark was detected by the receipt printer unit
            </summary>
        </member>
        <member name="P:StarMicronics.TSP100IO.StarPrinterStatus.PaperEmpty">
            <summary>
            True indicates that the receipt printer unit is out of paper
            </summary>
        </member>
        <member name="P:StarMicronics.TSP100IO.StarPrinterStatus.PaperNearEmptyInner">
            <summary>
            True indicates that the receipt printer's inner near paper empty sensor has gone active
            </summary>
        </member>
        <member name="P:StarMicronics.TSP100IO.StarPrinterStatus.PaperNearEmptyOuter">
            <summary>
            True indicates that the receipt printer's outer near paper empty sensor has gone active
            </summary>
        </member>
        <member name="P:StarMicronics.TSP100IO.StarPrinterStatus.StackerFull">
            <summary>
            True indicates that the stacker unit has tickets queued in it
            </summary>
        </member>
        <member name="P:StarMicronics.TSP100IO.StarPrinterStatus.ETBAvailable">
            <summary>
            True indicates that this status structures ETB counter is reliable
            </summary>
        </member>
        <member name="P:StarMicronics.TSP100IO.StarPrinterStatus.ETBCounter">
            <summary>
            Counter indicating printer processing of the ETB command (see the Star programmer's manual for info)
            </summary>
        </member>
        <member name="P:StarMicronics.TSP100IO.StarPrinterStatus.PresenterState">
            <summary>
            Numeric state information for the presenter unit (see the Star programmer's manual for info)
            </summary>
        </member>
        <member name="P:StarMicronics.TSP100IO.StarPrinterStatus.RawStatus">
            <summary>
            The original status data returned by the printer
            </summary>
        </member>
    </members>
</doc>
